"store_type","total_sales","order_count","percentage_sales"
"Local",4200344.269999864,"78409",65.01947512674326
"Super Store",1045045.1900000025,"19276",16.1768382231988
"Mall Kiosk",705645.9000000051,"13142",10.923087036230053
"Outlet",508029.4100000005,"9207",7.864071005577397
"Web Portal",1067.77,"43",0.016528608250505356
